S No,Name,Pan Num,image path ,address,company name 
1,john,ABC1234567,abdul_telgi.jpeg,Delhi,Infosys
2,john,ABC1234501,aishwarya.jpeg,Kolkata,Accenture
3,john,ABC1234502,alia.jpeg,Bangalore,TCS
4,john,ABC1234503,amir.jpeg,Mumbai,Oracle
5,john,ABC1234504,anjelina.jpeg,Chennai,Capgemini
6,john,ABC1234505,anushka.jpeg,Hyderabad,Tech Mahindra
7,john,ABC1234506,brad.jpeg,Bangalore,wipro
8,john,ABC1234507,freddie.jpeg,Chennai,SAP
9,john,ABC1234508,hrithik.jpeg,Delhi,Honeywell
10,john,ABC1234509,kareena.jpeg,Hyderabad,Mphasis
11,kapil sibbal,ABC1234510,kapil_sibbal.jpeg,Chennai,Deloitte
12,abhishek,ABC1234511,abhishek.jpeg,Kolkata,Huawei
13,anil,ABC1234512,anil.jpeg,Pune,Flipkart
14,nikhil,ABC1234513,nikhil.jpeg,Mumbai,razorpay
15,ritesh,ABC1234514,ritesh.jpeg,Pune,mintM
16,vijay mallya,ABC1234515,vijay_mallya.jpg,Delhi,brondomind
17,malik,ABC1234516,malik.jpeg,Chennai,bounce
18,reehan,ABC1234517,reehan.jpeg,Bangalore,cliffing
19,sumit,ABC1234518,sumit.jpg,Hyderabad,google
20,neerav modi  ,ABC1234519,neerav_modi.jpg,Mumbai,microsoft
21,chad smith,ABC1234520,chad_smith.jpeg,Chennai,razorpay
22,prakash,ABC1234521,prakhash.jpeg,Bangalore,xorient
23,sharukh,ABC1234522,sharukh.jpeg,Hyderabad,cleartext
24,suresh kalmadi,ABC1234523,suresh_kalmadi.jpeg,Mumbai,rippling
25,kenny,ABC1234524,kenny.jpeg,Pune,commonflor
26,roy,ABC1234525,roy.jpeg,Bangalore,zoom
27,tom,ABC1234526,tom.jpeg,Hyderabad,yulu
28,zen,ABC1234550,zen.jpg,Delhi,lookup
29,will farrel,ABC1234527,will_farrel.jpeg,Kolkata,flipcart
30,neerav,ABC1234528,neerav.jpeg,Bangalore,bluestone
31,robert vadra,ABC1234529,robertVadra.jpeg,Pune,myntra
32,gautam,ABC1234530,gautam.jpeg,Mumbai,paytm
33,shreyas,ABC1234531,shreyas.jpeg,Chennai,snapdeal
34,zyan,ABC1234532,zyan.jpeg,Kolkata,ITC
35,virat,ABC1234536,virat.jpeg,Bangalore,Hindalco
36,lalu yadav,ABC1234537,lalu_yadav.jpeg,Pune,MuSigma
37,joe,ABC1234538,joe.jpeg,Mumbai,Hexaware
38,laalu,ABC1234539,laalu.jpeg,Bangalore,Mphasis
39,lalu prasad,ABC1234540,lalu_y.jpeg,Hyderabad,DataVal
40,nick,ABC1234541,nick.jpeg,Kolkata,Calsoft
41,smith,ABC1234542,smith.jpeg,Chennai,Mindtree
42,anwar,ABC1234543,anwar.jpeg,Mumbai,Ola
43,kumar,ABC1234545,kumar.jpeg,Bangalore,byjus
44,harshad mehta,ABC1234544,harshad.jpeg,Kolkata,Big Basket
45,navpreet,ABC1234546,navpreet.jpeg,Hyderabad,Naturals
46,ramarao,ABC1234547,ntr.jpeg,Delhi,BHEL
47,peter,ABC1234548,peter.jpeg,Bangalore,ISRO
48,priyanka,ABC1234549,priyanka.jpeg,Kolkata,Headout
49,robert dowery,ABC1234550,robert_dowery.jpeg,Bangalore,Uber
50,scarlet,ABC12345251,scarlet.jpeg,Delhi,sharechat
